key,sweep,controller,L_mm,dz_mm,mu,success,reached,t_reach_s,theta_end_deg,peak_finger_N,mean_finger_N,peak_table_N,max_table_slip_mm,max_edge_lift_mm,finger_slide_mm,max_contact_gap_ms,peak_command_N,hfvc_solve_failures,hfvc_solve_ms,fail_reason,wall_s
nominal|hfvc|75.00|0.00|0.800,nominal,hfvc,75.0,0.0,0.8,1,1,1.4085,40.011,10.016,9.982,13.834,0.0459,0.0,0.4296,0.0,10.044,0,194.04,,0.331
nominal|velocity|75.00|0.00|0.800,nominal,velocity,75.0,0.0,0.8,1,1,1.34,40.011,12.015,10.898,13.913,0.052,0.0,0.4312,0.0,11.322,0,0.0,,0.113
nominal|force|75.00|0.00|0.800,nominal,force,75.0,0.0,0.8,0,0,,30.746,9.996,9.987,13.127,0.0716,0.0,0.7097,0.0,9.385,0,333.18,did not reach 40 deg in 2.5 s,0.534
size|hfvc|69.00|0.00|0.800,size,hfvc,69.0,0.0,0.8,1,1,1.288,40.011,10.088,10.031,13.333,0.0677,0.0,0.3284,0.0,10.044,0,173.68,,0.292
size|velocity|69.00|0.00|0.800,size,velocity,69.0,0.0,0.8,0,0,,0.0,9.78,5.154,83.009,0.0516,1.3227,0.2873,250.0,9.112,0,0.0,finger lost the block; finger contact lost,0.073
size|force|69.00|0.00|0.800,size,force,69.0,0.0,0.8,1,1,0.534,40.012,10.012,10.005,12.654,0.0482,0.0,0.1731,0.0,9.385,0,71.05,,0.116
size|hfvc|72.00|0.00|0.800,size,hfvc,72.0,0.0,0.8,1,1,1.348,40.003,10.052,10.006,13.573,0.0559,0.0,0.3783,0.0,10.044,0,180.98,,0.305
size|velocity|72.00|0.00|0.800,size,velocity,72.0,0.0,0.8,1,1,1.3405,40.012,9.777,6.247,12.756,0.0198,0.0044,0.2964,0.0,9.226,0,0.0,,0.107
size|force|72.00|0.00|0.800,size,force,72.0,0.0,0.8,1,1,1.1715,40.003,10.01,9.997,12.825,0.0774,0.0,0.304,0.0,9.385,0,156.63,,0.249
size|hfvc|78.00|0.00|0.800,size,hfvc,78.0,0.0,0.8,1,1,1.4685,40.007,9.983,9.959,14.115,0.0372,0.0,0.4829,0.0,10.044,0,198.61,,0.34
size|velocity|78.00|0.00|0.800,size,velocity,78.0,0.0,0.8,1,1,1.3405,40.006,20.99,15.551,21.405,0.0746,0.0,0.5808,0.0,20.406,0,0.0,,0.112
size|force|78.00|0.00|0.800,size,force,78.0,0.0,0.8,0,0,,0.03,9.98,9.978,13.273,0.1042,0.0,0.9137,0.0,9.385,0,337.53,did not reach 40 deg in 2.5 s,0.556
size|hfvc|81.00|0.00|0.800,size,hfvc,81.0,0.0,0.8,1,1,1.5285,40.003,9.949,9.935,14.424,0.0298,0.0,0.539,0.0,10.044,0,205.51,,0.347
size|velocity|81.00|0.00|0.800,size,velocity,81.0,0.0,0.8,0,1,1.342,40.008,30.021,20.207,29.773,0.0903,0.0,0.7418,0.0,29.578,0,0.0,finger force above 25 N,0.107
size|force|81.00|0.00|0.800,size,force,81.0,0.0,0.8,0,0,,0.006,9.98,9.977,13.629,0.0835,0.0,0.891,0.0,9.385,0,333.44,did not reach 40 deg in 2.5 s,0.543
table|hfvc|75.00|-3.00|0.800,table,hfvc,75.0,-3.0,0.8,1,1,1.4085,40.011,10.016,9.982,13.834,0.0459,0.0,0.4296,0.0,10.044,0,190.52,,0.322
table|velocity|75.00|-3.00|0.800,table,velocity,75.0,-3.0,0.8,1,1,1.3915,40.001,16.452,12.106,16.995,0.0665,0.0,0.4741,0.0,15.794,0,0.0,,0.109
table|force|75.00|-3.00|0.800,table,force,75.0,-3.0,0.8,0,0,,30.746,9.996,9.987,13.127,0.0716,0.0,0.7097,0.0,9.385,0,333.62,did not reach 40 deg in 2.5 s,0.525
table|hfvc|75.00|-1.50|0.800,table,hfvc,75.0,-1.5,0.8,1,1,1.4085,40.011,10.016,9.982,13.834,0.0459,0.0,0.4296,0.0,10.044,0,189.73,,0.32
table|velocity|75.00|-1.50|0.800,table,velocity,75.0,-1.5,0.8,1,1,1.3655,40.014,14.194,11.492,15.077,0.0591,0.0,0.4521,0.0,13.519,0,0.0,,0.107
table|force|75.00|-1.50|0.800,table,force,75.0,-1.5,0.8,0,0,,30.746,9.996,9.987,13.127,0.0716,0.0,0.7097,0.0,9.385,0,333.7,did not reach 40 deg in 2.5 s,0.526
table|hfvc|75.00|1.50|0.800,table,hfvc,75.0,1.5,0.8,1,1,1.4085,40.011,10.016,9.982,13.834,0.0459,0.0,0.4296,0.0,10.044,0,191.66,,0.325
table|velocity|75.00|1.50|0.800,table,velocity,75.0,1.5,0.8,1,1,1.3155,40.008,10.574,10.325,13.608,0.0455,0.0,0.4115,0.0,9.811,0,0.0,,0.105
table|force|75.00|1.50|0.800,table,force,75.0,1.5,0.8,0,0,,30.746,9.996,9.987,13.127,0.0716,0.0,0.7097,0.0,9.385,0,335.66,did not reach 40 deg in 2.5 s,0.529
table|hfvc|75.00|3.00|0.800,table,hfvc,75.0,3.0,0.8,1,1,1.4085,40.011,10.016,9.982,13.834,0.0459,0.0,0.4296,0.0,10.044,0,192.76,,0.325
table|velocity|75.00|3.00|0.800,table,velocity,75.0,3.0,0.8,1,1,1.292,40.009,10.404,9.771,13.534,0.0394,0.0006,0.3929,0.0,9.662,0,0.0,,0.103
table|force|75.00|3.00|0.800,table,force,75.0,3.0,0.8,0,0,,30.746,9.996,9.987,13.127,0.0716,0.0,0.7097,0.0,9.385,0,333.75,did not reach 40 deg in 2.5 s,0.53
friction|hfvc|75.00|0.00|0.300,friction,hfvc,75.0,0.0,0.3,0,1,1.186,40.116,22.364,9.956,57.646,10.0291,0.045,1.2344,0.0,10.044,0,160.32,table slip,0.273
friction|velocity|75.00|0.00|0.300,friction,velocity,75.0,0.0,0.3,1,1,1.3045,40.01,11.814,9.623,18.806,1.7198,0.0097,0.6136,0.0,10.706,0,0.0,,0.105
friction|force|75.00|0.00|0.300,friction,force,75.0,0.0,0.3,0,0,,30.746,9.996,9.987,13.127,0.0716,0.0,0.7097,0.0,9.385,0,336.01,did not reach 40 deg in 2.5 s,0.532
friction|hfvc|75.00|0.00|0.450,friction,hfvc,75.0,0.0,0.45,1,1,1.4075,40.004,10.016,9.982,13.834,0.0733,0.0061,0.4296,0.0,10.044,0,187.31,,0.317
friction|velocity|75.00|0.00|0.450,friction,velocity,75.0,0.0,0.45,1,1,1.3295,40.013,12.39,10.854,18.304,0.538,0.0096,0.5111,0.0,11.235,0,0.0,,0.106
friction|force|75.00|0.00|0.450,friction,force,75.0,0.0,0.45,0,0,,30.746,9.996,9.987,13.127,0.0716,0.0,0.7097,0.0,9.385,0,331.69,did not reach 40 deg in 2.5 s,0.524
friction|hfvc|75.00|0.00|0.600,friction,hfvc,75.0,0.0,0.6,1,1,1.4085,40.011,10.016,9.982,13.834,0.0459,0.0,0.4296,0.0,10.044,0,191.26,,0.326
friction|velocity|75.00|0.00|0.600,friction,velocity,75.0,0.0,0.6,1,1,1.34,40.011,12.015,10.898,13.913,0.052,0.0,0.4312,0.0,11.322,0,0.0,,0.107
friction|force|75.00|0.00|0.600,friction,force,75.0,0.0,0.6,0,0,,30.746,9.996,9.987,13.127,0.0716,0.0,0.7097,0.0,9.385,0,348.66,did not reach 40 deg in 2.5 s,0.545
friction|hfvc|75.00|0.00|1.000,friction,hfvc,75.0,0.0,1.0,1,1,1.4085,40.011,10.016,9.982,13.834,0.0459,0.0,0.4296,0.0,10.044,0,192.6,,0.326
friction|velocity|75.00|0.00|1.000,friction,velocity,75.0,0.0,1.0,1,1,1.34,40.011,12.015,10.898,13.913,0.052,0.0,0.4312,0.0,11.322,0,0.0,,0.11
friction|force|75.00|0.00|1.000,friction,force,75.0,0.0,1.0,0,0,,30.746,9.996,9.987,13.127,0.0716,0.0,0.7097,0.0,9.385,0,334.76,did not reach 40 deg in 2.5 s,0.529
random|hfvc|71.79|0.56|0.680,random,hfvc,71.789,0.56,0.6804,1,1,1.344,40.009,10.054,10.008,13.556,0.0567,0.0,0.3748,0.0,10.044,0,182.36,,0.307
random|velocity|71.79|0.56|0.680,random,velocity,71.789,0.56,0.6804,1,1,1.331,40.011,9.777,5.71,12.735,0.0145,0.0055,0.2814,0.0,9.222,0,0.0,,0.108
random|force|71.79|0.56|0.680,random,force,71.789,0.56,0.6804,1,1,1.083,40.005,10.011,9.998,12.813,0.0724,0.0,0.2841,0.0,9.385,0,147.44,,0.235
random|hfvc|73.71|-0.58|0.874,random,hfvc,73.705,-0.58,0.8743,1,1,1.3825,40.011,10.031,9.993,13.719,0.05,0.0,0.4072,0.0,10.044,0,186.53,,0.314
random|velocity|73.71|-0.58|0.874,random,velocity,73.705,-0.58,0.8743,1,1,1.35,40.014,9.779,9.115,12.973,0.0422,0.0,0.3783,0.0,9.301,0,0.0,,0.108
random|force|73.71|-0.58|0.874,random,force,73.705,-0.58,0.8743,0,0,,38.943,10.004,9.988,12.958,0.1508,0.0,0.6234,0.0,9.385,0,333.82,did not reach 40 deg in 2.5 s,0.527
random|hfvc|79.05|-1.29|0.792,random,hfvc,79.051,-1.291,0.7917,1,1,1.4895,40.005,9.971,9.95,14.22,0.0345,0.0,0.5022,0.0,10.044,0,198.88,,0.335
random|velocity|79.05|-1.29|0.792,random,velocity,79.051,-1.291,0.7917,0,1,1.362,40.012,26.065,17.711,25.957,0.0864,0.0,0.6579,0.0,25.546,0,0.0,finger force above 25 N,0.109
random|force|79.05|-1.29|0.792,random,force,79.051,-1.291,0.7917,0,0,,0.006,9.981,9.977,13.432,0.0966,0.0,0.9053,0.0,9.385,0,335.63,did not reach 40 deg in 2.5 s,0.549
random|hfvc|72.98|1.87|0.952,random,hfvc,72.983,1.868,0.9519,1,1,1.368,40.01,10.04,9.999,13.655,0.0524,0.0,0.3949,0.0,10.044,0,185.6,,0.315
random|velocity|72.98|1.87|0.952,random,velocity,72.983,1.868,0.9519,1,1,1.309,40.004,9.777,7.073,12.904,0.0233,0.0039,0.3171,0.0,9.287,0,0.0,,0.104
random|force|72.98|1.87|0.952,random,force,72.983,1.868,0.9519,1,1,1.8545,40.002,10.007,9.991,12.883,0.1201,0.0,0.4611,0.0,9.385,0,247.38,,0.394
random|hfvc|76.36|1.01|0.709,random,hfvc,76.359,1.011,0.7091,1,1,1.4355,40.004,10.002,9.972,13.957,0.0418,0.0,0.4534,0.0,10.044,0,193.29,,0.328
random|velocity|76.36|1.01|0.709,random,velocity,76.359,1.011,0.7091,1,1,1.3235,40.0,14.637,12.611,16.311,0.0589,0.0,0.4829,0.0,13.976,0,0.0,,0.114
random|force|76.36|1.01|0.709,random,force,76.359,1.011,0.7091,0,0,,18.105,9.985,9.983,13.299,0.0337,0.0,0.821,0.0,9.385,0,334.0,did not reach 40 deg in 2.5 s,0.531
random|hfvc|78.26|-0.21|0.603,random,hfvc,78.259,-0.206,0.6033,1,1,1.4735,40.002,9.98,9.957,14.141,0.0365,0.0,0.4875,0.0,10.044,0,200.17,,0.339
random|velocity|78.26|-0.21|0.603,random,velocity,78.259,-0.206,0.6033,1,1,1.344,40.008,22.069,16.036,22.373,0.0771,0.0,0.5976,0.0,21.499,0,0.0,,0.106
random|force|78.26|-0.21|0.603,random,force,78.259,-0.206,0.6033,0,0,,0.006,9.98,9.977,13.314,0.1028,0.0,0.9113,0.0,9.385,0,335.62,did not reach 40 deg in 2.5 s,0.55
random|hfvc|72.78|-1.09|0.715,random,hfvc,72.779,-1.095,0.7155,1,1,1.364,40.013,10.042,10.0,13.637,0.0532,0.0,0.3915,0.0,10.044,0,183.25,,0.31
random|velocity|72.78|-1.09|0.715,random,velocity,72.779,-1.095,0.7155,1,1,1.359,40.008,9.778,7.878,12.843,0.0345,0.0015,0.3429,0.0,9.252,0,0.0,,0.109
random|force|72.78|-1.09|0.715,random,force,72.779,-1.095,0.7155,1,1,1.6625,40.001,10.008,9.993,12.871,0.1076,0.0,0.4167,0.0,9.385,0,222.03,,0.354
random|hfvc|74.31|0.65|0.408,random,hfvc,74.309,0.653,0.4077,0,1,1.343,40.005,16.187,9.98,32.633,2.3039,0.0155,0.709,0.0,10.044,0,181.85,table slip,0.307
random|velocity|74.31|0.65|0.408,random,velocity,74.309,0.653,0.4077,1,1,1.319,40.001,9.785,9.513,14.826,0.4943,0.009,0.4564,0.0,9.343,0,0.0,,0.106
random|force|74.31|0.65|0.408,random,force,74.309,0.653,0.4077,0,0,,35.485,10.001,9.988,13.037,0.1153,0.0,0.6613,0.0,9.385,0,337.47,did not reach 40 deg in 2.5 s,0.535
random|hfvc|74.48|-0.54|0.517,random,hfvc,74.477,-0.539,0.5172,1,1,1.398,40.011,10.022,9.987,13.788,0.0475,0.0,0.4205,0.0,10.044,0,187.99,,0.319
random|velocity|74.48|-0.54|0.517,random,velocity,74.477,-0.539,0.5172,1,1,1.349,40.009,11.228,10.297,13.104,0.0497,0.0,0.4137,0.0,10.526,0,0.0,,0.109
random|force|74.48|-0.54|0.517,random,force,74.477,-0.539,0.5172,0,0,,34.418,10.0,9.987,13.059,0.105,0.0,0.6725,0.0,9.385,0,332.62,did not reach 40 deg in 2.5 s,0.528
random|hfvc|75.95|-0.26|0.580,random,hfvc,75.949,-0.259,0.58,1,1,1.4275,40.011,10.006,9.975,13.92,0.043,0.0,0.4462,0.0,10.044,0,192.07,,0.326
random|velocity|75.95|-0.26|0.580,random,velocity,75.949,-0.259,0.58,1,1,1.3445,40.015,15.22,12.471,16.256,0.0613,0.0,0.4809,0.0,14.561,0,0.0,,0.108
random|force|75.95|-0.26|0.580,random,force,75.949,-0.259,0.58,0,0,,22.461,9.989,9.984,13.248,0.0212,0.0,0.7853,0.0,9.385,0,334.55,did not reach 40 deg in 2.5 s,0.53
random|hfvc|72.09|1.50|0.878,random,hfvc,72.094,1.498,0.8785,1,1,1.35,40.006,10.051,10.006,13.581,0.0556,0.0,0.3798,0.0,10.044,0,182.24,,0.308
random|velocity|72.09|1.50|0.878,random,velocity,72.094,1.498,0.8785,1,1,1.315,40.003,9.777,5.835,12.784,0.0142,0.0057,0.2839,0.0,9.243,0,0.0,,0.108
random|force|72.09|1.50|0.878,random,force,72.094,1.498,0.8785,1,1,1.216,40.005,10.01,9.997,12.831,0.08,0.0,0.3141,0.0,9.385,0,162.08,,0.259
random|hfvc|76.07|-0.62|0.968,random,hfvc,76.067,-0.62,0.9681,1,1,1.4295,40.0,10.005,9.974,13.931,0.0426,0.0,0.4482,0.0,10.044,0,192.55,,0.326
random|velocity|76.07|-0.62|0.968,random,velocity,76.067,-0.62,0.9681,1,1,1.3505,40.014,16.098,12.798,16.914,0.0638,0.0,0.492,0.0,15.447,0,0.0,,0.11
random|force|76.07|-0.62|0.968,random,force,76.067,-0.62,0.9681,0,0,,21.255,9.988,9.984,13.263,0.0241,0.0,0.7954,0.0,9.385,0,334.39,did not reach 40 deg in 2.5 s,0.531
random|hfvc|75.63|-0.27|0.940,random,hfvc,75.634,-0.269,0.9403,1,1,1.421,40.005,10.009,9.977,13.891,0.0439,0.0,0.4406,0.0,10.044,0,193.13,,0.33
random|velocity|75.63|-0.27|0.940,random,velocity,75.634,-0.269,0.9403,1,1,1.3445,40.01,14.293,11.986,15.486,0.0587,0.0,0.4655,0.0,13.623,0,0.0,,0.111
random|force|75.63|-0.27|0.940,random,force,75.634,-0.269,0.9403,0,0,,25.472,9.991,9.985,13.208,0.0283,0.0,0.759,0.0,9.385,0,333.83,did not reach 40 deg in 2.5 s,0.533
random|hfvc|73.19|0.78|0.588,random,hfvc,73.193,0.784,0.5883,1,1,1.372,40.004,10.037,9.997,13.673,0.0517,0.0,0.3984,0.0,10.044,0,184.03,,0.315
random|velocity|73.19|0.78|0.588,random,velocity,73.193,0.784,0.5883,1,1,1.327,40.011,9.778,7.799,12.92,0.0304,0.0024,0.3386,0.0,9.288,0,0.0,,0.108
random|force|73.19|0.78|0.588,random,force,73.193,0.784,0.5883,1,1,2.0895,40.002,10.007,9.99,12.896,0.1356,0.0,0.5156,0.0,9.385,0,277.35,,0.442
random|hfvc|72.62|0.80|0.537,random,hfvc,72.616,0.803,0.5367,1,1,1.3605,40.007,10.044,10.001,13.623,0.0537,0.0,0.3887,0.0,10.044,0,184.23,,0.313
random|velocity|72.62|0.80|0.537,random,velocity,72.616,0.803,0.5367,1,1,1.3265,40.004,9.777,6.898,12.844,0.0237,0.0038,0.3134,0.0,9.261,0,0.0,,0.108
random|force|72.62|0.80|0.537,random,force,72.616,0.803,0.5367,1,1,1.5315,40.002,10.009,9.994,12.862,0.0993,0.0,0.3864,0.0,9.385,0,205.22,,0.328
random|hfvc|74.93|0.32|0.513,random,hfvc,74.931,0.32,0.5133,1,1,1.407,40.008,10.017,9.983,13.828,0.0461,0.0,0.4284,0.0,10.044,0,188.8,,0.323
random|velocity|74.93|0.32|0.513,random,velocity,74.931,0.32,0.5133,1,1,1.3345,40.005,11.355,10.667,13.684,0.05,0.0,0.4236,0.0,10.657,0,0.0,,0.111
random|force|74.93|0.32|0.513,random,force,74.931,0.32,0.5133,0,0,,31.262,9.997,9.987,13.118,0.0761,0.0,0.7046,0.0,9.385,0,331.76,did not reach 40 deg in 2.5 s,0.526
random|hfvc|77.31|0.19|0.773,random,hfvc,77.312,0.194,0.7729,1,1,1.4545,40.001,9.991,9.964,14.047,0.0391,0.0,0.4704,0.0,10.044,0,194.67,,0.331
random|velocity|77.31|0.19|0.773,random,velocity,77.312,0.194,0.7729,1,1,1.337,40.002,18.648,14.407,19.337,0.0693,0.0,0.5424,0.0,18.033,0,0.0,,0.108
random|force|77.31|0.19|0.773,random,force,77.312,0.194,0.7729,0,0,,6.072,9.982,9.979,13.361,0.0943,0.0,0.9026,0.0,9.385,0,333.78,did not reach 40 deg in 2.5 s,0.533
random|hfvc|73.72|-0.32|0.697,random,hfvc,73.721,-0.319,0.6969,1,1,1.3825,40.001,10.031,9.993,13.72,0.0499,0.0,0.4074,0.0,10.044,0,185.12,,0.315
random|velocity|73.72|-0.32|0.697,random,velocity,73.721,-0.319,0.6969,1,1,1.3455,40.013,9.779,9.039,12.978,0.0411,0.0002,0.3757,0.0,9.304,0,0.0,,0.109
random|force|73.72|-0.32|0.697,random,force,73.721,-0.319,0.6969,0,0,,38.856,10.004,9.988,12.96,0.1499,0.0,0.6244,0.0,9.385,0,332.3,did not reach 40 deg in 2.5 s,0.529
random|hfvc|74.70|0.70|0.746,random,hfvc,74.7,0.703,0.7463,1,1,1.4025,40.012,10.02,9.985,13.807,0.0468,0.0,0.4244,0.0,10.044,0,187.67,,0.318
random|velocity|74.70|0.70|0.746,random,velocity,74.7,0.703,0.7463,1,1,1.3285,40.014,10.306,10.162,13.263,0.0462,0.0,0.4078,0.0,9.539,0,0.0,,0.109
random|force|74.70|0.70|0.746,random,force,74.7,0.703,0.7463,0,0,,32.922,9.998,9.987,13.088,0.0911,0.0,0.6879,0.0,9.385,0,332.93,did not reach 40 deg in 2.5 s,0.529
random|hfvc|74.16|-1.99|0.876,random,hfvc,74.163,-1.993,0.8764,1,1,1.3915,40.006,10.026,9.989,13.759,0.0485,0.0,0.415,0.0,10.044,0,187.26,,0.32
random|velocity|74.16|-1.99|0.876,random,velocity,74.163,-1.993,0.8764,1,1,1.374,40.003,12.418,10.387,13.439,0.0537,0.0,0.4185,0.0,11.723,0,0.0,,0.112
random|force|74.16|-1.99|0.876,random,force,74.163,-1.993,0.8764,0,0,,36.376,10.002,9.988,13.018,0.1242,0.0,0.6517,0.0,9.385,0,331.31,did not reach 40 deg in 2.5 s,0.525
